{"_timestamp":1.7585782872424932e+09,"_step":7,"_wandb":{"runtime":0},"_runtime":0,"acc":0.7604665203283452,"loss":0.239510867576543}